{"train/total_flos":0,"_runtime":249.81715992,"train/train_loss":3.590787066777547,"eval/samples_per_second":1738.036,"train/global_step":3000,"_wandb":{"runtime":249},"_timestamp":1.7431090548012931e+09,"eval/steps_per_second":28.522,"train/train_runtime":250.137,"train/train_steps_per_second":65.724,"eval/runtime":0.561,"_step":331,"train/epoch":21.9,"train/train_samples_per_second":4205.375,"eval/accuracy":0.04512820512820513,"train/learning_rate":8.877146631439895e-06,"eval/loss":3.3902509212493896,"train/loss":2.978}