{"eval/loss":3.5116493701934814,"_timestamp":1.7431414101715539e+09,"train/global_step":2500,"_wandb":{"runtime":250},"train/learning_rate":9.09228441754917e-06,"train/train_runtime":251.0822,"eval/samples_per_second":1423.065,"train/total_flos":0,"eval/accuracy":0.02456140350877193,"eval/runtime":0.6008,"eval/steps_per_second":23.302,"train/epoch":20.66,"_runtime":250.544751995,"train/train_samples_per_second":3674.812,"train/train_steps_per_second":57.83,"_step":276,"train/loss":3.256,"train/train_loss":4.005615885162354}