{"train/train_samples_per_second":57.152,"train/epoch":7.3,"train/total_flos":0,"train/train_runtime":4601.4536,"eval/samples_per_second":20.495,"_runtime":4649.121626992,"_wandb":{"runtime":4649},"_step":111,"train/train_loss":24.05590530395508,"train/learning_rate":7.692307692307694e-06,"eval/accuracy":0.03487179487179487,"train/global_step":1000,"_timestamp":1.7434913023845923e+09,"eval/runtime":47.5729,"eval/loss":24.490888595581055,"eval/steps_per_second":0.336,"train/train_steps_per_second":0.893,"train/loss":23.0088}