{"train/train_steps_per_second":59.251,"train/loss":3.4429,"eval/steps_per_second":8.774,"eval/accuracy":0.0125,"train/train_samples_per_second":3790.546,"train/train_loss":3.7704993091159396,"eval/loss":3.3389573097229004,"_wandb":{"runtime":1259},"_timestamp":1.7431375969280264e+09,"train/learning_rate":9.561523705124692e-06,"train/epoch":7.27,"eval/samples_per_second":559.47,"train/total_flos":0,"_step":496,"train/global_step":4500,"train/train_runtime":1253.6454,"eval/runtime":7.8646,"_runtime":1259.417172956}