{"train/global_step":1080,"train/train_samples_per_second":1066.978,"_step":119,"train/epoch":120,"eval/steps_per_second":34.91,"eval/samples_per_second":2094.586,"train/learning_rate":8.307692307692309e-06,"train/train_loss":2.5986468844943578,"eval/loss":2.0366337299346924,"train/train_runtime":60.7323,"_timestamp":1.7431094387835023e+09,"eval/runtime":0.0286,"_runtime":59.843796516,"_wandb":{"runtime":59},"eval/accuracy":0.03333333333333333,"train/total_flos":0,"train/loss":1.7311,"train/train_steps_per_second":17.783}